[
  {
    "inputs": [
      {
        "internalType": "contract IARTHX",
        "name": "_arthx",
        "type": "address"
      },
      {
        "internalType": "contract IARTH",
        "name": "_arth",
        "type": "address"
      },
      {
        "internalType": "contract IWETH",
        "name": "_weth",
        "type": "address"
      },
      {
        "internalType": "contract IUniswapV2Router02",
        "name": "_router",
        "type": "address"
      }
    ],
    "stateMutability": "nonpayable",
    "type": "constructor"
  },
  {
    "inputs": [],
    "name": "arth",
    "outputs": [
      {
        "internalType": "contract IARTH",
        "name": "",
        "type": "address"
      }
    ],
    "stateMutability": "view",
    "type": "function",
    "constant": true
  },
  {
    "inputs": [],
    "name": "arthx",
    "outputs": [
      {
        "internalType": "contract IARTHX",
        "name": "",
        "type": "address"
      }
    ],
    "stateMutability": "view",
    "type": "function",
    "constant": true
  },
  {
    "inputs": [],
    "name": "router",
    "outputs": [
      {
        "internalType": "contract IUniswapV2Router02",
        "name": "",
        "type": "address"
      }
    ],
    "stateMutability": "view",
    "type": "function",
    "constant": true
  },
  {
    "inputs": [],
    "name": "weth",
    "outputs": [
      {
        "internalType": "contract IWETH",
        "name": "",
        "type": "address"
      }
    ],
    "stateMutability": "view",
    "type": "function",
    "constant": true
  },
  {
    "inputs": [
      {
        "internalType": "contract IARTHPool",
        "name": "pool",
        "type": "address"
      },
      {
        "internalType": "contract IERC20",
        "name": "collateral",
        "type": "address"
      },
      {
        "internalType": "uint256",
        "name": "amount",
        "type": "uint256"
      },
      {
        "internalType": "uint256",
        "name": "arthOutMin",
        "type": "uint256"
      },
      {
        "internalType": "uint256",
        "name": "arthxOutMin",
        "type": "uint256"
      },
      {
        "internalType": "uint256",
        "name": "secs",
        "type": "uint256"
      },
      {
        "internalType": "contract IBoostedStaking",
        "name": "stakingPool",
        "type": "address"
      }
    ],
    "name": "mintAndStake",
    "outputs": [],
    "stateMutability": "nonpayable",
    "type": "function"
  },
  {
    "inputs": [
      {
        "internalType": "contract IARTHPool",
        "name": "pool",
        "type": "address"
      },
      {
        "internalType": "uint256",
        "name": "arthOutMin",
        "type": "uint256"
      },
      {
        "internalType": "uint256",
        "name": "arthxOutMin",
        "type": "uint256"
      },
      {
        "internalType": "uint256",
        "name": "secs",
        "type": "uint256"
      },
      {
        "internalType": "contract IBoostedStaking",
        "name": "stakingPool",
        "type": "address"
      }
    ],
    "name": "mintAndStakeWithETH",
    "outputs": [],
    "stateMutability": "payable",
    "type": "function",
    "payable": true
  },
  {
    "inputs": [
      {
        "internalType": "contract IARTHPool",
        "name": "pool",
        "type": "address"
      },
      {
        "internalType": "uint256",
        "name": "arthOutMin",
        "type": "uint256"
      },
      {
        "internalType": "uint256",
        "name": "arthxOutMin",
        "type": "uint256"
      }
    ],
    "name": "mintWithETH",
    "outputs": [],
    "stateMutability": "payable",
    "type": "function",
    "payable": true
  },
  {
    "inputs": [
      {
        "internalType": "contract IARTHPool",
        "name": "pool",
        "type": "address"
      },
      {
        "internalType": "contract IERC20",
        "name": "collateral",
        "type": "address"
      },
      {
        "internalType": "uint256",
        "name": "amount",
        "type": "uint256"
      },
      {
        "internalType": "uint256",
        "name": "arthOutMin",
        "type": "uint256"
      },
      {
        "internalType": "uint256",
        "name": "arthxOutMin",
        "type": "uint256"
      }
    ],
    "name": "mint",
    "outputs": [],
    "stateMutability": "nonpayable",
    "type": "function"
  }
]