[
  {
    "inputs": [
      {
        "internalType": "address",
        "name": "__arthContractAddress",
        "type": "address"
      },
      {
        "internalType": "address",
        "name": "__arthxContractAddress",
        "type": "address"
      },
      {
        "internalType": "address",
        "name": "__arthController",
        "type": "address"
      },
      {
        "internalType": "address",
        "name": "__collateralAddress",
        "type": "address"
      },
      {
        "internalType": "address",
        "name": "__creatorAddress",
        "type": "address"
      },
      {
        "internalType": "address",
        "name": "__timelockAddress",
        "type": "address"
      },
      {
        "internalType": "address",
        "name": "__arthPool",
        "type": "address"
      }
    ],
    "stateMutability": "nonpayable",
    "type": "constructor"
  },
  {
    "anonymous": false,
    "inputs": [
      {
        "indexed": false,
        "internalType": "uint256",
        "name": "arthAmount",
        "type": "uint256"
      },
      {
        "indexed": false,
        "internalType": "uint256",
        "name": "arthxOutMin",
        "type": "uint256"
      }
    ],
    "name": "RedeemAlgorithmicARTH",
    "type": "event"
  },
  {
    "inputs": [],
    "name": "_ARTH",
    "outputs": [
      {
        "internalType": "contract IARTH",
        "name": "",
        "type": "address"
      }
    ],
    "stateMutability": "view",
    "type": "function"
  },
  {
    "inputs": [],
    "name": "_ARTHX",
    "outputs": [
      {
        "internalType": "contract IARTHX",
        "name": "",
        "type": "address"
      }
    ],
    "stateMutability": "view",
    "type": "function"
  },
  {
    "inputs": [],
    "name": "_COLLATERAL",
    "outputs": [
      {
        "internalType": "contract IERC20",
        "name": "",
        "type": "address"
      }
    ],
    "stateMutability": "view",
    "type": "function"
  },
  {
    "inputs": [],
    "name": "_arthController",
    "outputs": [
      {
        "internalType": "contract IARTHController",
        "name": "",
        "type": "address"
      }
    ],
    "stateMutability": "view",
    "type": "function"
  },
  {
    "inputs": [],
    "name": "_arthpool",
    "outputs": [
      {
        "internalType": "contract IARTHPool",
        "name": "",
        "type": "address"
      }
    ],
    "stateMutability": "view",
    "type": "function"
  },
  {
    "inputs": [],
    "name": "_collateralGMUOracle",
    "outputs": [
      {
        "internalType": "contract IOracle",
        "name": "",
        "type": "address"
      }
    ],
    "stateMutability": "view",
    "type": "function"
  },
  {
    "inputs": [],
    "name": "_missingDeciamls",
    "outputs": [
      {
        "internalType": "uint256",
        "name": "",
        "type": "uint256"
      }
    ],
    "stateMutability": "view",
    "type": "function"
  },
  {
    "inputs": [],
    "name": "_ownerAddress",
    "outputs": [
      {
        "internalType": "address",
        "name": "",
        "type": "address"
      }
    ],
    "stateMutability": "view",
    "type": "function"
  },
  {
    "inputs": [],
    "name": "_timelockAddress",
    "outputs": [
      {
        "internalType": "address",
        "name": "",
        "type": "address"
      }
    ],
    "stateMutability": "view",
    "type": "function"
  },
  {
    "inputs": [],
    "name": "collateralGMUOracleAddress",
    "outputs": [
      {
        "internalType": "address",
        "name": "",
        "type": "address"
      }
    ],
    "stateMutability": "view",
    "type": "function"
  },
  {
    "inputs": [],
    "name": "lottery",
    "outputs": [
      {
        "internalType": "contract ILotteryRaffle",
        "name": "",
        "type": "address"
      }
    ],
    "stateMutability": "view",
    "type": "function"
  },
  {
    "inputs": [
      {
        "internalType": "address",
        "name": "_owner",
        "type": "address"
      }
    ],
    "name": "setOwner",
    "outputs": [],
    "stateMutability": "nonpayable",
    "type": "function"
  },
  {
    "inputs": [
      {
        "internalType": "address",
        "name": "_address",
        "type": "address"
      }
    ],
    "name": "usersLotteriesCount",
    "outputs": [
      {
        "internalType": "uint256",
        "name": "",
        "type": "uint256"
      }
    ],
    "stateMutability": "view",
    "type": "function"
  },
  {
    "inputs": [],
    "name": "lotteryAllocated",
    "outputs": [
      {
        "internalType": "uint256",
        "name": "",
        "type": "uint256"
      }
    ],
    "stateMutability": "view",
    "type": "function"
  },
  {
    "inputs": [
      {
        "internalType": "uint256",
        "name": "_tokenID",
        "type": "uint256"
      }
    ],
    "name": "lotteryOwner",
    "outputs": [
      {
        "internalType": "address",
        "name": "",
        "type": "address"
      }
    ],
    "stateMutability": "view",
    "type": "function"
  },
  {
    "inputs": [
      {
        "internalType": "address",
        "name": "_lotterContract",
        "type": "address"
      }
    ],
    "name": "setLotteryContract",
    "outputs": [],
    "stateMutability": "nonpayable",
    "type": "function"
  },
  {
    "inputs": [
      {
        "internalType": "address",
        "name": "_collateralGMUOracleAddress",
        "type": "address"
      }
    ],
    "name": "setCollatGMUOracle",
    "outputs": [],
    "stateMutability": "nonpayable",
    "type": "function"
  },
  {
    "inputs": [
      {
        "internalType": "uint256",
        "name": "collateralAmount",
        "type": "uint256"
      },
      {
        "internalType": "uint256",
        "name": "arthxOutMin",
        "type": "uint256"
      }
    ],
    "name": "recollateralizeARTH",
    "outputs": [
      {
        "internalType": "uint256",
        "name": "",
        "type": "uint256"
      }
    ],
    "stateMutability": "nonpayable",
    "type": "function"
  },
  {
    "inputs": [
      {
        "internalType": "uint256",
        "name": "arthAmount",
        "type": "uint256"
      },
      {
        "internalType": "uint256",
        "name": "arthxOutMin",
        "type": "uint256"
      }
    ],
    "name": "redeemAlgorithmicARTH",
    "outputs": [],
    "stateMutability": "nonpayable",
    "type": "function"
  },
  {
    "inputs": [
      {
        "internalType": "uint256",
        "name": "collateralAmount",
        "type": "uint256"
      }
    ],
    "name": "estimateAmountToRecollateralize",
    "outputs": [
      {
        "internalType": "uint256",
        "name": "collateralUnits",
        "type": "uint256"
      },
      {
        "internalType": "uint256",
        "name": "amountToRecollateralize",
        "type": "uint256"
      },
      {
        "internalType": "uint256",
        "name": "recollateralizePossible",
        "type": "uint256"
      }
    ],
    "stateMutability": "view",
    "type": "function"
  },
  {
    "inputs": [],
    "name": "getCollateralGMUBalance",
    "outputs": [
      {
        "internalType": "uint256",
        "name": "",
        "type": "uint256"
      }
    ],
    "stateMutability": "pure",
    "type": "function"
  },
  {
    "inputs": [],
    "name": "getCollateralPrice",
    "outputs": [
      {
        "internalType": "uint256",
        "name": "",
        "type": "uint256"
      }
    ],
    "stateMutability": "view",
    "type": "function"
  }
]